{
    "Report0": "**Clinical Report 1**\n\nPatient Name: Sarah Johnson  \nAge: 32 years  \nSex: Female  \nHeight: 165 cm  \nWeight: 68 kg  \n\n**Admission Date:** 15/07/2023  \n**Discharge Date:** 20/07/2023  \n\nSarah was admitted to the hospital for the management of appendicitis. An appendectomy was successfully performed under general anesthesia. Post-operative recovery was uneventful. Pain management was executed with Paracetamol 500mg every 6 hours. \n\n**Medication on Discharge:**  \nParacetamol 500mg, orally, as needed for pain.  \n\n**Follow-up Advice:** The patient is advised to follow up in two weeks for wound inspection. ",
    "Report1": "\n\n**Clinical Report 2**\n\nPatient Name: Michael Thompson  \nAge: 47 years  \nSex: Male  \nHeight: 182 cm  \nWeight: 85 kg  \n\n**Admission Date:** 02/08/2023  \n**Discharge Date:** 10/08/2023  \n\nMichael presented with acute myocardial infarction. He underwent an emergency coronary angioplasty with stent placement. Post-procedure, his condition stabilized. Clopidogrel 75mg daily was initiated for antiplatelet therapy.\n\n**Medication on Discharge:**  \nClopidogrel 75mg, orally, daily.  \nAspirin 81mg, orally, daily.  \n\n**Follow-up Advice:** Regular follow-up with a cardiologist is recommended for risk factor management. ",
    "Report2": "\n\n**Clinical Report 3**\n\nPatient Name: Emily White  \nAge: 25 years  \nSex: Female  \nHeight: 158 cm  \nWeight: 60 kg  \n\n**Admission Date:** 21/06/2023  \n**Discharge Date:** 26/06/2023  \n\nEmily was admitted due to severe exacerbation of asthma. Treatment included nebulized Salbutamol and Prednisolone 40mg daily. Upon improvement, she was discharged with an action plan for managing future exacerbations.\n\n**Medication on Discharge:**  \nSalbutamol inhaler, 2 puffs when necessary.  \nPrednisolone 10mg, orally, for 3 more days.  \n\n**Follow-up Advice:** Regular reviews with her asthma nurse are advised to fine-tune her management plan. ",
    "Report3": "\n\n**Clinical Report 4**\n\nPatient Name: John Miller  \nAge: 54 years  \nSex: Male  \nHeight: 175 cm  \nWeight: 90 kg  \n\n**Admission Date:** 29/09/2023  \n**Discharge Date:** 03/10/2023  \n\nJohn was hospitalized due to a severe case of bacterial pneumonia. His treatment included intravenous Amoxicillin 1g every 8 hours, and supplemental oxygen. He showed significant improvement and was transitioned to oral antibiotics before discharge.\n\n**Medication on Discharge:**  \nAmoxicillin 500mg, orally, every 8 hours for 7 days.  \n\n**Follow-up Advice:** A follow-up chest X-ray is recommended in 6 weeks to confirm resolution of infiltrates. ",
    "Report4": "\n\n**Clinical Report 5**\n\nPatient Name: Rebecca Smith  \nAge: 38 years  \nSex: Female  \nHeight: 170 cm  \nWeight: 75 kg  \n\n**Admittance Date:** 10/03/2023  \nRebecca attended the clinic with hypertensive urgency, requiring stabilization with Captopril 25mg. Long-term management involved initiating Amlodipine 5mg daily to control blood pressure.\n\n**Medication Prescribed:**  \nAmlodipine 5mg, orally, daily.  \nCaptopril 25mg, orally, as needed for acute pressure rises.\n\n**Follow-up Advice:** Regular monitoring of blood pressure is essential to optimize doses. ",
    "Report5": "\n\n**Clinical Report 6**\n\nPatient Name: James Oliver  \nAge: 59 years  \nSex: Male  \nHeight: 178 cm  \nWeight: 82 kg  \n\n**Admission Date:** 05/04/2023  \n**Discharge Date:** 12/04/2023  \n\nJames suffered from a hemorrhagic stroke. Post-acute treatment included supportive care with rehabilitation focus. Intensive monitoring of blood pressure and neurological status was conducted, and Ramipril 5mg was started.\n\n**Medication on Discharge:**  \nRamipril 5mg, orally, daily.  \n\n**Follow-up Advice:** Continuing rehabilitation with physiotherapy is advised. ",
    "Report6": "\n\n**Clinical Report 7**\n\nPatient Name: Olivia Carmichael  \nAge: 43 years  \nSex: Female  \nHeight: 162 cm  \nWeight: 72 kg  \n\n**Admission Date:** 09/01/2023  \n**Discharge Date:** 14/01/2023  \n\nOlivia presented with a severe migraine not alleviated by over-the-counter medication. Treatment involved intravenous Metoclopramide and Sumatriptan injection. Upon improvement, she was advised on lifestyle modifications.\n\n**Medication on Discharge:**  \nSumatriptan 50mg, orally, as required up to 2 times a day.  \n\n**Follow-up Advice:** Avoid known migraine triggers and regular neurology follow-ups. ",
    "Report7": "\n\n**Clinical Report 8**\n\nPatient Name: David Connor  \nAge: 63 years  \nSex: Male  \nHeight: 180 cm  \nWeight: 95 kg  \n\n**Admission Date:** 18/05/2023  \n**Discharge Date:** 24/05/2023  \n\nDavid was treated for an acute exacerbation of COPD. His management included Bronchodilator therapy with Ipratropium Bromide and systemic corticosteroids.\n\n**Medication on Discharge:**  \nIpratropium inhaler, 2 puffs, 4 times a day.  \nPrednisolone 30mg, orally, daily for 5 more days.  \n\n**Follow-up Advice:** Smoking cessation support is strongly advised. ",
    "Report8": "\n\n**Clinical Report 9**\n\nPatient Name: Julia Townsend  \nAge: 50 years  \nSex: Female  \nHeight: 168 cm  \nWeight: 80 kg  \n\n**Admittance Date:** 08/11/2023  \nJulia presented with recurrent episodes of gout. Uric acid levels were managed with Allopurinol 100mg daily. Dietary modifications to reduce purine intake were discussed.\n\n**Medication Prescribed:**  \nAllopurinol 100mg, orally, daily.  \n\n**Follow-up Advice:** Continual monitoring of uric acid levels is recommended. ",
    "Report9": "\n\n**Clinical Report 10**\n\nPatient Name: Nathan Grey  \nAge: 27 years  \nSex: Male  \nHeight: 176 cm  \nWeight: 78 kg  \n\n**Admission Date:** 14/09/2023  \n**Discharge Date:** 17/09/2023  \n\nNathan sustained a fractured clavicle from a cycling accident. Conservative management with arm support was advised, and Ibuprofen 400mg was prescribed for pain control.\n\n**Medication on Discharge:**  \nIbuprofen 400mg, orally, every 8 hours as needed.  \n\n**Follow-up Advice:** Orthopaedic follow-up in 6 weeks for reassessment. ",
    "Report10": "Clinical Report:\n\nPatient Name: John Smith  \nAge: 47 years  \nSex: Male  \nHeight: 175 cm  \nWeight: 82 kg  \n\nAdmittance Date: 12 September 2023  \nDischarge Date: 17 September 2023  \n\nPresentation: The patient presented with persistent chest pain radiating to the left arm. The pain was associated with shortness of breath and excessive sweating.\n\nDiagnosis and Procedures: An acute myocardial infarction was confirmed through ECG and troponin levels. An emergency coronary angioplasty with stent placement was performed successfully. \n\nMedications: The patient was started on Aspirin 81 mg daily and Atorvastatin 20 mg once daily. \n\nOutcome: Following treatment, the patient's chest pain subsided. He was advised lifestyle modifications and scheduled for cardiac rehabilitation post-discharge.  \n",
    "Report11": "  \n\nClinical Report:\n\nPatient Name: Emma Thompson  \nAge: 32 years  \nSex: Female  \nHeight: 168 cm  \nWeight: 65 kg  \n\nAdmittance Date: 20 July 2023  \nDischarge Date: 25 July 2023  \n\nPresentation: The patient came in with severe pain and swelling in the right lower abdomen, accompanied by nausea and vomiting.\n\nDiagnosis and Procedures: A diagnosis of acute appendicitis was established based on clinical examination and an abdominal ultrasound. An appendectomy was performed without complications.\n\nMedications: Postoperatively, the patient was given Amoxicillin 500 mg every 8 hours and Ibuprofen 400 mg as needed for pain.\n\nOutcome: The patient recovered well from the surgery and was discharged in stable condition with instructions for follow-up care.  \n",
    "Report12": "  \n\nClinical Report:\n\nPatient Name: Michael Jones  \nAge: 54 years  \nSex: Male  \nHeight: 182 cm  \nWeight: 90 kg  \n\nAdmittance Date: 5 June 2023  \nDischarge Date: 10 June 2023  \n\nPresentation: The patient was admitted with acute exacerbation of chronic obstructive pulmonary disease (COPD), presenting with increased dyspnea, cough, and productive sputum.\n\nDiagnosis and Procedures: The exacerbation was managed with bronchodilators and systemic corticosteroids. Nebulized bronchodilator therapy (Salbutamol) was initiated.\n\nMedications: Prednisolone 30 mg daily for 5 days and Salbutamol inhaler two puffs every 4-6 hours as needed.\n\nOutcome: The patient's respiratory status improved considerably, and he was discharged with advice on smoking cessation and continued inhaler use.  \n",
    "Report13": "  \n\nClinical Report:\n\nPatient Name: Sarah White  \nAge: 29 years  \nSex: Female  \nHeight: 162 cm  \nWeight: 58 kg  \n\nAdmittance Date: 3 August 2023  \nDischarge Date: 8 August 2023  \n\nPresentation: The patient presented with fever, headache, and a maculopapular rash. She reported recent travel to a dengue-endemic area.\n\nDiagnosis and Procedures: Dengue fever was confirmed via serological tests. The focus of treatment was on supportive care, including fluid management and monitoring for complications.\n\nMedications: Paracetamol 500 mg every 6 hours was administered for fever and pain control.\n\nOutcome: The patient showed progressive improvement, with resolution of symptoms. She was discharged with instructions to avoid NSAIDs and to maintain hydration.  \n",
    "Report14": "  \n\nClinical Report:\n\nPatient Name: Health Record Only  \nAge: 65 years  \nHeight: 170 cm  \nWeight: 85 kg  \n\nAdmittance Date: 15 April 2023  \nDischarge Date: 18 April 2023  \n\nPresentation: A long-time diabetic patient presented with a foot ulcer exhibiting signs of infection, such as erythema and purulent discharge.\n\nDiagnosis and Procedures: The ulcer was debrided, and a swab was taken for culture and sensitivity analysis. Antibiotic therapy was initiated based on clinical suspicion of infection.\n\nMedications: Ciprofloxacin 500 mg every 12 hours and Metformin 1 g twice daily were continued for diabetes management.\n\nOutcome: Significant improvement was noted in the infection, and instructions were given for wound care and monitoring glucose levels. The patient was discharged with a plan for outpatient follow-up.  \n",
    "Report15": "  \n\nAdditional Clinical Report 1:\n\nPatient Name: Jane Williams  \nAge: 40 years  \nSex: Female  \nHeight: 160 cm  \nWeight: 70 kg\n\nPresentation: Reported chronic lower back pain exacerbated by activity, and associated with numbness in the left leg.\n\nDiagnosis and Procedures: MRI revealed lumbar disc herniation with nerve root compression. A referral for physiotherapy was given, with a note to consider surgical evaluation if no improvement.\n\nMedications: Ibuprofen 400 mg every 8 hours for pain management.\n\nOutcome: The patient was advised on activity modifications and commenced physiotherapy.  \n",
    "Report16": "  \n\nAdditional Clinical Report 2:\n\nPatient Name: Richard Brown  \nAge: 59 years  \nSex: Male  \nHeight: 178 cm  \nWeight: 95 kg\n\nPresentation: Patient has experienced recurrent headaches and elevated blood pressure readings. \n\nDiagnosis and Procedures: A diagnosis of poorly controlled hypertension was made. An ECG was performed to evaluate cardiac impact.\n\nMedications: Lisinopril 10 mg daily and Hydrochlorothiazide 12.5 mg daily were initiated.\n\nOutcome: The patient was advised on lifestyle changes, including dietary sodium reduction, and instructed to monitor blood pressure regularly.  \n",
    "Report17": "  \n\nAdditional Clinical Report 3:\n\nHeight: 178 cm  \nWeight: 88 kg\n\nPresentation: Reports fatigue, weight gain, and sensitivity to cold.\n\nDiagnosis and Procedures: Thyroid function tests indicate hypothyroidism. Levothyroxine therapy was initiated.\n\nMedications: Levothyroxine 50 micrograms daily.\n\nOutcome: An appointment for follow-up was scheduled to adjust medication dosage based on further lab results.  \n",
    "Report18": "  \n\nAdditional Clinical Report 4:\n\nPresentation: Sudden onset of severe abdominal pain with guarding and tenderness, raising suspicion of a perforated peptic ulcer.\n\nDiagnosis and Procedures: Emergency laparotomy confirmed the diagnosis, and repair of the perforation was carried out.\n\nMedications: Proton pump inhibitor therapy initiated with Omeprazole 40 mg daily post-surgery.\n\nOutcome: Postoperative recovery was uneventful, with resolution of abdominal pain. The patient was advised to continue PPI therapy long-term.  \n",
    "Report19": "  \n\nAdditional Clinical Report 5:\n\nAge: 41 years  \nSex: Female\n\nPresentation: Patient complained of persistent joint pain and early morning stiffness more than 30 minutes, affecting daily functioning.\n\nDiagnosis and Procedures: Clinical examination and serological markers suggest rheumatoid arthritis. A rheumatology referral was arranged.\n\nMedications: Naproxen 250 mg every 12 hours for pain control.\n\nOutcome: The patient was counseled about the condition, with an emphasis on adherence to treatment and regular monitoring of disease activity.  \n",
    "Report20": "Clinical Report 1  \nPatient Name: Sarah Thompson  \nAge: 34  \nSex: Female  \nHeight: 165 cm  \nWeight: 68 kg  \nAdmitted: 12th September 2023  \nDischarged: 18th September 2023  \nDiagnosed with acute appendicitis. An appendectomy was performed successfully. During her hospital stay, Sarah was administered antibiotics - Cefuroxime 500 mg twice daily - to prevent infection. She showed good recovery post-surgery and was discharged with instructions to take Paracetamol 500 mg as needed for pain. Follow-up in 2 weeks recommended.  \n",
    "Report21": "\n\nClinical Report 2  \nPatient Name: John Martin  \nAge: 42  \nSex: Male  \nHeight: 180 cm  \nWeight: 85 kg  \nAdmitted: 5th October 2023  \nDiagnosed with hypertension and started on Lisinopril 10 mg once daily. Blood pressure readings stabilized, maintaining within normal range. Advised to monitor blood pressure at home and return for review in 3 months. Dietary recommendations provided, focusing on reduced sodium intake.  \n",
    "Report22": "\n\nClinical Report 3  \nPatient Name: Lisa Chen  \nAge: 27  \nSex: Female  \nHeight: 158 cm  \nWeight: 54 kg  \nAdmitted: 20th September 2023  \nDischarged: 24th September 2023  \nPresented with symptoms of pneumonia. Chest X-ray confirmed right lower lobe consolidation. Treated with Amoxicillin 500 mg every 8 hours. Oxygen saturation improved, and Lisa was discharged on oral antibiotics for a further 5 days. Follow-up chest X-ray planned in 3 weeks.  \n",
    "Report23": "\n\nClinical Report 4  \nPatient Name: Michael O'Donnell  \nAge: 58  \nSex: Male  \nHeight: 175 cm  \nWeight: 92 kg  \nAdmitted: 1st August 2023  \nDischarged: 10th August 2023  \nUnderwent coronary artery bypass grafting due to significant coronary artery disease. Post-operative period remarkable for transient atrial fibrillation, managed with Metoprolol 50 mg twice daily. Discharged with instructions on lifestyle modifications, including prescribed Atorvastatin 40 mg once daily. Scheduled for cardiology follow-up in 4 weeks.  \n",
    "Report24": "\n\nClinical Report 5  \nPatient Assignment: Emily Garcia  \nAge: 40  \nSex: Female  \nHeight: 170 cm  \nWeight: 75 kg  \nDate of Admission: None (outpatient visit)  \nPresented with symptoms consistent with migraine headaches. Prescribed Sumatriptan 50 mg as needed for acute attacks, not exceeding two doses within a 24-hour period. Recommended to initiate a headache diary to identify potential triggers. Scheduled for neurological evaluation next month.  \n",
    "Report25": "\n\nClinical Report 6  \nPatient Name: Jacob Lewis  \nAge: 63  \nSex: Male  \nHeight: 172 cm  \nWeight: 88 kg  \nAdmitted: 18th August 2023  \nDischarged: 25th August 2023  \nComplaint of persistent cough resulted in diagnosis of chronic obstructive pulmonary disease with exacerbation. Managed with oral Prednisone 30 mg daily for 5 days and nebulized bronchodilators. Upon discharge, routine use of Salbutamol inhaler was prescribed. Follow-up planned to assess lung function tests.  \n",
    "Report26": "\n\nClinical Report 7  \nPatient Name: Olivia Brown  \nAge: 29  \nSex: Female  \nHeight: 162 cm  \nWeight: 60 kg  \nAdmitted: Emergency department visit on 3rd October 2023  \nPresented with an allergic reaction to food resulting in urticaria and mild angioedema. Administered intravenous Chlorpheniramine 10 mg in the emergency department. Advised on avoidance of allergen and discharged with Cetirizine 10 mg daily as needed. Referral to an allergist for further evaluation.  \n",
    "Report27": "\n\nClinical Report 8  \nPatient Name: William Evans  \nAge: 55  \nSex: Male  \nHeight: 178 cm  \nWeight: 80 kg  \nAdmitted: 22nd September 2023  \nDiagnosed with type 2 diabetes. Initiated on Metformin 500 mg twice daily. Advised on lifestyle measures including diet and exercise to assist with glycemic control. Scheduled for review in the diabetes clinic in 6 weeks to assess glycemic management and adjust medication as needed.  \n",
    "Report28": "\n\nClinical Report 9  \nPatient Name: Heather Harris  \nAge: 50  \nSex: Female  \nHeight: 168 cm  \nWeight: 72 kg  \nAdmitted: 3rd July 2023  \nDischarged: 12th July 2023  \nSuffered a deep vein thrombosis in the left calf. Started on anticoagulation therapy - Warfarin 5 mg daily, with INR monitoring to adjust dosage. Compression stockings provided for symptomatic relief. Discharged with anticoagulation adherence and monitoring instructions. Hematology follow-up advised.  \n",
    "Report29": "\n\nClinical Report 10  \nPatient Name: Benjamin Carter  \nAge: 37  \nSex: Male  \nHeight: 182 cm  \nWeight: 82 kg  \nOutpatient visit on 14th September 2023  \nComplained of persistent acid reflux. Prescribed Omeprazole 20 mg once daily, advising on lifestyle changes including specific dietary adjustments and weight management. Scheduled for endoscopy to evaluate for potential esophagitis or Barrett's esophagus if symptoms do not improve in 6 weeks.  \n",
    "Report30": "Clinical Report 1:  \nPatient Name: John Smith  \nAge: 45  \nSex: Male  \nHeight: 175 cm  \nWeight: 85 kg  \nDiagnosis: Acute Myocardial Infarction  \nAdmittance Date: 2023-02-10  \nDischarge Date: 2023-02-15  \nTreatment: Coronary Angioplasty  \nMedication: Aspirin 81 mg daily  \n---\n\nClinical Report 2:  \nPatient Name: Mary Johnson  \nAge: 33  \nSex: Female  \nHeight: 160 cm  \nWeight: 60 kg  \nAdmittance Date: 2023-04-12  \nDischarge Date: 2023-04-20  \nCondition: Pneumonia  \nProcedure: Intravenous Antibiotics  \nMedication: Amoxicillin 500 mg every 8 hours  \n---\n\nClinical Report 3:  \nPatient Name: David Brown  \nAge: 52  \nSex: Male  \nHeight: 180 cm  \nWeight: 95 kg  \nAdmittance Date: 2023-06-01  \nDischarge Date: 2023-06-10  \nCondition: Type 2 Diabetes Mellitus  \nManagement: Lifestyle modification and oral hypoglycemic agents  \nMedication: Metformin 500 mg twice daily  \n---\n\nClinical Report 4:  \nPatient Name: Olivia Wilson  \nAge: 29  \nSex: Female  \nHeight: 167 cm  \nWeight: 68 kg  \nDiagnosis: Migraine  \nAdmittance Date: 2023-08-05  \nDischarge Date: 2023-08-07  \nTreatment: Pain management  \nMedication: Sumatriptan 50 mg as needed  \n---\n\nClinical Report 5:  \nPatient: Michael Thomas  \nAge: 40  \nSex: Male  \nHeight: 178 cm  \nWeight: 82 kg  \nAdmittance Date: 2023-09-18  \nDischarge Date: 2023-09-25  \nCondition: Hypertension  \nTreatment: Antihypertensive therapy  \nMedication: Lisinopril 10 mg daily  \n---\n\nClinical Report 6:  \nPatient Name: Charlotte Taylor  \nAge: 27  \nSex: Female  \nHeight: 165 cm  \nWeight: 70 kg  \nDiagnosis: Acute Appendicitis  \nAdmittance Date: 2023-07-14  \nDischarge Date: 2023-07-17  \nProcedure: Laparoscopic Appendectomy  \n---\n\nClinical Report 7:  \nPatient Name: William Lee  \nAge: 39  \nSex: Male  \nHeight: 172 cm  \nWeight: 76 kg  \nCondition: Chronic Back Pain  \nAdmittance Date: 2023-03-22  \nDischarge Date: 2023-03-28  \nManagement: Physiotherapy and Analgesia  \nMedication: Ibuprofen 400 mg every 6 hours  \n---\n\nClinical Report 8:  \nPatient Name: Sophia Martinez  \nAge: 48  \nSex: Female  \nHeight: 170 cm  \nWeight: 72 kg  \nAdmittance Date: 2023-05-19  \nDischarge Date: 2023-05-24  \nCondition: Hyperlipidemia  \nManagement: Dietary modification and Statin therapy  \nMedication: Atorvastatin 20 mg daily  \n---\n\nClinical Report 9:  \nPatient Name: Daniel White  \nAge: 53  \nSex: Male  \nHeight: 182 cm  \nWeight: 88 kg  \nDiagnosis: Obstructive Sleep Apnea  \nAdmittance Date: 2023-08-30  \nDischarge Date: 2023-09-01  \nManagement: CPAP therapy  \n---\n\nClinical Report 10:  \nPatient Name: Emily Harris  \nAge: 36  \nSex: Female  \nHeight: 158 cm  \nWeight: 62 kg  \nCondition: Urinary Tract Infection  \nAdmittance Date: 2023-01-17  \nDischarge Date: 2023-01-21  \nTreatment: Oral Antibiotics  \nMedication: Nitrofurantoin 100 mg twice daily  \n---",
    "Report31": "Clinical Report:\n\nPatient Name: John Smith  \nAge: 54  \nGender: Male  \nHeight: 6 feet  \nWeight: 204 lbs  \nDate of Admission: 12th September 2023  \nDate of Discharge: 19th September 2023  \nChief Complaint: Shortness of breath and chest pain.  \nTests Conducted: ECG, stress test, and coronary angiogram.  \nDiagnosis: Myocardial Infarction.  \nTreatment Administered: Percutaneous coronary intervention was successfully performed.  \nMedications: Aspirin 325mg daily, Atorvastatin 40mg daily, and Metoprolol 50mg twice daily.  \nDischarge Instructions: The patient was advised a cardiac rehabilitation program and to follow a heart-healthy diet while maintaining regular follow-up appointments.  \n",
    "Report32": "\n\nClinical Report:\n\nPatient Name: Emily Davis  \nAge: 29  \nGender: Female  \nHeight: 5 feet 5 inches  \nWeight: 132 lbs  \nDate of Admission: 4th October 2023  \nDate of Discharge: 10th October 2023  \nChief Complaint: Severe headache and visual disturbances.  \nTests Conducted: MRI and lumbar puncture.  \nDiagnosis: Meningitis.  \nTreatment Administered: Intravenous antibiotics were initiated promptly.  \nMedications: Ceftriaxone 2g every 12 hours and Dexamethasone 10mg every 6 hours.  \nDischarge Instructions: Complete the antibiotic course and report back if symptoms recur. A follow-up appointment was scheduled in two weeks.  \n",
    "Report33": "\n\nClinical Report:\n\nPatient Name: Marcus Lee  \nAge: 67  \nGender: Male  \nHeight: 5 feet 8 inches  \nWeight: 180 lbs  \nDate of Admission: 23rd August 2023  \nDate of Discharge: 30th August 2023  \nChief Complaint: Persistent cough and wheezing.  \nTests Conducted: Chest X-ray and spirometry.  \nDiagnosis: Chronic Obstructive Pulmonary Disease (COPD) exacerbation.  \nTreatment Administered: Nebulisation and corticosteroids were administered.  \nMedications: Salbutamol inhaler 100mcg as needed, Prednisolone 40mg daily for five days.  \nDischarge Instructions: Advised to avoid smoking and environmental pollutants. Continue bronchodilator therapy and attend pulmonary rehabilitation.  \n",
    "Report34": "\n\nClinical Report:\n\nPatient Name: Sarah Thompson  \nAge: 45  \nGender: Female  \nHeight: 5 feet 7 inches  \nWeight: 155 lbs  \nDate of Admission: 15th July 2023  \nDate of Discharge: 22nd July 2023  \nChief Complaint: Abdominal pain and diarrhea.  \nTests Conducted: Colonoscopy and stool culture.  \nDiagnosis: Ulcerative Colitis.  \nTreatment Administered: Initiated Mesalamine therapy.  \nMedications: Mesalamine 800mg three times daily and Loperamide 2mg as required.  \nDischarge Instructions: Continue prescribed medication and follow dietary modifications. Regular monitoring of weight and symptom diary was suggested.  \n",
    "Report35": "\n\nClinical Report:\n\nPatient Name: Richard Morrison  \nAge: 62  \nGender: Male  \nHeight: 5 feet 9 inches  \nWeight: 200 lbs  \nDate of Admission: 18th June 2023  \nDate of Discharge: 25th June 2023  \nChief Complaint: Fluctuating blood sugar levels and dizziness.  \nTests Conducted: HbA1c and fasting blood glucose levels.  \nDiagnosis: Type 2 Diabetes Mellitus with poor glycemic control.  \nTreatment Administered: Adjusted oral hypoglycemic agents and lifestyle modifications.  \nMedications: Metformin 1000mg twice daily and Glipizide 5mg once daily.  \nDischarge Instructions: Emphasized the importance of diet, regular physical activity, and compliance with medication. Scheduled for follow-up with dietitian support.  \n",
    "Report36": "\n\nClinical Report:\n\nPatient Name: Natalie Hall  \nAge: 34  \nGender: Female  \nHeight: 5 feet 6 inches  \nWeight: 140 lbs  \nDate of Admission: 30th September 2023  \nDate of Discharge: 7th October 2023  \nChief Complaint: Joint pain and stiffness.  \nTests Conducted: Rheumatoid factor and X-ray of joints.  \nDiagnosis: Rheumatoid Arthritis.  \nTreatment Administered: Initiated Disease Modifying Anti-Rheumatic Drugs (DMARDs).  \nMedications: Methotrexate 15mg weekly and Ibuprofen 400mg as needed.  \nDischarge Instructions: Advise on monitoring of liver function tests regularly due to DMARD therapy. Encourage range-of-motion exercises and physiotherapy sessions.  \n",
    "Report37": "\n\nClinical Report:\n\nPatient Name: Kevin Wright  \nAge: 47  \nGender: Male  \nHeight: 5 feet 11 inches  \nWeight: 176 lbs  \nDate of Admission: 7th August 2023  \nDate of Discharge: 15th August 2023  \nChief Complaint: Unilateral leg swelling and tenderness.  \nTests Conducted: Doppler ultrasound of the lower limb.  \nDiagnosis: Deep Vein Thrombosis (DVT).  \nTreatment Administered: Anticoagulant therapy initiated promptly.  \nMedications: Rivaroxaban 15mg twice daily for three weeks then 20mg daily.  \nDischarge Instructions: Advised on regular follow-ups for INR monitoring and compression stocking use. Educated on symptoms of bleeding as side effects of anticoagulants.  \n",
    "Report38": "\n\nClinical Report:\n\nPatient Name: Linda Green  \nAge: 59  \nGender: Female  \nHeight: 5 feet 4 inches  \nWeight: 165 lbs  \nDate of Admission: 2nd May 2023  \nDate of Discharge: 9th May 2023  \nChief Complaint: Fatigue and weight gain.  \nTests Conducted: Thyroid function tests and ultrasound.  \nDiagnosis: Hypothyroidism.  \nTreatment Administered: Levothyroxine replacement therapy initiated.  \nMedications: Levothyroxine 75mcg daily.  \nDischarge Instructions: Recommended routine monitoring of TSH levels and adherence to medication. Dietary intake adjustment and regular exercise to combat weight gain were suggested.  \n",
    "Report39": "\n\nClinical Report:\n\nPatient Name: Gregory Baker  \nAge: 61  \nGender: Male  \nHeight: 6 feet 2 inches  \nWeight: 215 lbs  \nDate of Admission: 10th July 2023  \nDate of Discharge: 17th July 2023  \nChief Complaint: Frequent urination and increased thirst.  \nTests Conducted: Fasting glucose test and urinalysis.  \nDiagnosis: Type 2 Diabetes Mellitus.  \nTreatment Administered: Initiation of oral hypoglycemic agents and lifestyle counseling.  \nMedications: Metformin 500mg twice daily and Sitagliptin 100mg daily.  \nDischarge Instructions: Emphasized the importance of a low glycemic index diet, physical activity, and consistent glucose monitoring. Scheduled for diabetic education class.  \n",
    "Report40": "\n\nClinical Report:\n\nPatient Name: Karen Young  \nAge: 52  \nGender: Female  \nHeight: 5 feet 3 inches  \nWeight: 148 lbs  \nDate of Admission: 11th April 2023  \nDate of Discharge: 18th April 2023  \nChief Complaint: Skin rash and joint pain.  \nTests Conducted: ANA test and skin biopsy.  \nDiagnosis: Systemic Lupus Erythematosus (SLE).  \nTreatment Administered: Corticosteroids and hydroxychloroquine prescribed.  \nMedications: Prednisone 10mg daily and Hydroxychloroquine 200mg twice daily.  \nDischarge Instructions: Follow-up appointments scheduled with a rheumatologist. Advised sun protection to prevent rash exacerbation and regular exercise to maintain joint function.  \n",
    "Report41": "Informe Cl\u00ednico:\n\nPaciente: Mar\u00eda G\u00f3mez\nEdad: 45 a\u00f1os\nSexo: Femenino\nAltura: 1.68 m\nPeso: 72 kg\nFecha de ingreso: 10/09/2023\nFecha de alta: 15/09/2023\nDurante la hospitalizaci\u00f3n, se trat\u00f3 con amoxicilina 500 mg cada 8 horas. Se le diagnostic\u00f3 una neumon\u00eda adquirida en la comunidad. Respuesta favorable al tratamiento con resoluci\u00f3n completa de s\u00edntomas para el alta. \n",
    "Report42": "\n\nInforme Cl\u00ednico:\n\nPaciente: Luis Rivera\nEdad: 30 a\u00f1os\nAltura: 1.75 m\nPeso: 80 kg\nFecha de ingreso: 05/08/2023\nFecha de alta: 09/08/2023\nAcude con dolor abdominal intenso, diagnosticado con apendicitis aguda. Se realiz\u00f3 una apendicectom\u00eda laparosc\u00f3pica. Posterior al procedimiento, el paciente evolucion\u00f3 favorablemente. Se recomienda control postoperatorio en consulta externa.\n",
    "Report43": "\n\nInforme Cl\u00ednico:\n\nPaciente: Carmelo Ortiz \nEdad: 62 a\u00f1os\nSexo: Masculino\nAltura: 1.70 m\nPeso: 85 kg\nFecha de ingreso: 20/07/2023\nFecha de alta: 25/07/2023\nIngresa por dolor tor\u00e1cico y se descubre infarto agudo de miocardio. Recibi\u00f3 tratamiento con clopidogrel 75 mg diario y se realiz\u00f3 angioplastia coronaria con colocaci\u00f3n de stent. Se dar\u00e1 seguimiento en cardiolog\u00eda.\n",
    "Report44": "\n\nInforme Cl\u00ednico:\n\nPaciente: Clara Mart\u00ednez\nEdad: 58 a\u00f1os\nSexo: Femenino\nAltura: 1.60 m\nPeso: 62 kg\nDiagn\u00f3stico: Diabetes tipo 2 con hipoglucemias severas. Se inici\u00f3 tratamiento con insulina glargina 20 U nocturno, ajustando dieta. Se program\u00f3 control estricto de glicemias para evitar episodios subsiguientes.\n",
    "Report45": "\n\nInforme Cl\u00ednico:\n\nPaciente: Daniel Verde\nEdad: 23 a\u00f1os\nFecha de ingreso: 02/06/2023\nFecha de alta: 06/06/2023\nPosible esclerosis m\u00faltiple tras presentar neuritis \u00f3ptica. Se administr\u00f3 metilprednisolona 1 g endovenoso durante tres d\u00edas. Se evidenci\u00f3 mejor\u00eda significativa y se continuar\u00e1 seguimiento neurol\u00f3gico.\n",
    "Report46": "\n\nInforme Cl\u00ednico:\n\nPaciente: Ana L\u00f3pez\nEdad: 40 a\u00f1os\nFecha de ingreso: 14/03/2023\nFecha de alta: 18/03/2023\nDiagnosticada con migra\u00f1a cr\u00f3nica. Tratamiento con sumatript\u00e1n 50 mg cuando sea necesario. Se sugiri\u00f3 tambi\u00e9n inicio de terapia preventiva. La paciente refiere una reducci\u00f3n notable en la frecuencia de los episodios.\n",
    "Report47": "\n\nInforme Cl\u00ednico:\n\nSexo: Masculino\nEdad: 55 a\u00f1os\nAltura: 1.80 m\nPeso: 92 kg\nDiagnosticado con hipertensi\u00f3n arterial mal controlada. Se ajust\u00f3 la medicaci\u00f3n a enalapril 10 mg dos veces al d\u00eda. Se requiere seguimiento regular para vigilancia de la presi\u00f3n arterial y ajuste necesario del f\u00e1rmaco.\n",
    "Report48": "\n\nInforme Cl\u00ednico:\n\nPaciente: Laura Fern\u00e1ndez\nEdad: 33 a\u00f1os\nSexo: Femenino\nAltura: 1.65 m\nPeso: 58 kg\nFecha de ingreso: 28/05/2023\nFecha de alta: 01/06/2023\nDurante el ingreso, present\u00f3 un cuadro de gastritis erosiva aguda. Se indic\u00f3 omeprazol 40 mg diario y medidas diet\u00e9ticas. Buena evoluci\u00f3n a la fecha, con recomendaci\u00f3n de evitar irritantes g\u00e1stricos.\n",
    "Report49": "\n\nInforme Cl\u00ednico:\n\nPaciente: Ricardo Lastra\nEdad: 47 a\u00f1os\nFecha de ingreso: 12/10/2023\nFecha de alta: 16/10/2023\nIngresa por exacerbaci\u00f3n de asma. Se manej\u00f3 con salbutamol 100 mcg inhalado cada 6 horas. Recuperaci\u00f3n completa con instrucciones para auto manejo y revisi\u00f3n con el especialista.\n",
    "Report50": "\n\nInforme Cl\u00ednico:\n\nPaciente: Julia Navas\nEdad: 39 a\u00f1os\nSexo: Femenino\nAltura: 1.72 m\nPeso: 68 kg\nAcude por control rutinario donde se relevan cifras de colesterol elevado. Se inicia tratamiento con atorvastatina 20 mg diario y se recomienda dieta baja en grasas saturadas. Revisiones peri\u00f3dicas para evaluar perfil lip\u00eddico.\n",
    "Report51": "Informe Cl\u00ednico 1:\nPaciente: Mar\u00eda L\u00f3pez\nEdad: 34 a\u00f1os\nSexo: Femenino\nAltura: 1.68 m\nPeso: 60 kg\nFecha de ingreso: 05/01/2023\nFecha de alta: 10/01/2023\nEl paciente ingres\u00f3 con s\u00edntomas de bronquitis aguda. Se realizaron pruebas de espirometr\u00eda y una radiograf\u00eda de t\u00f3rax que confirmaron el diagn\u00f3stico. Se administr\u00f3 Amoxicilina 500 mg cada 8 horas durante 7 d\u00edas. Evoluci\u00f3n favorable y alta con recomendaci\u00f3n de control en consulta externa.\n",
    "Report52": "\n\nInforme Cl\u00ednico 2:\nPaciente: Juan Mart\u00ednez\nEdad: 47 a\u00f1os\nSexo: Masculino\nAltura: 1.75 m\nPeso: 78 kg\nFecha de ingreso: 16/02/2023\nFecha de alta: 20/02/2023\nIngresa por dolor abdominal severo y fiebre. Se le realiz\u00f3 una ecograf\u00eda abdominal que revel\u00f3 colecistitis aguda. Fue sometido a una colecistectom\u00eda laparosc\u00f3pica exitosa. Se indicaron analg\u00e9sicos comunes y Ciprofloxacino 500 mg cada 12 horas durante 5 d\u00edas.\n",
    "Report53": "\n\nInforme Cl\u00ednico 3:\nPaciente: Laura Rodr\u00edguez\nEdad: 58 a\u00f1os\nSexo: Femenino\nAltura: 1.60 m\nPeso: 65 kg\nFecha de ingreso: 02/03/2023\nFecha de alta: 08/03/2023\nLa paciente ingres\u00f3 debido a hipertensi\u00f3n arterial no controlada. Durante el ingreso, se le adapt\u00f3 un nuevo r\u00e9gimen terap\u00e9utico que incluye Lisinopril 20 mg al d\u00eda. Control estricto de presi\u00f3n arterial y orientaci\u00f3n nutricional. Alta con recomendaciones espec\u00edficas para seguimiento.\n",
    "Report54": "\n\nInforme Cl\u00ednico 4:\nPaciente: Carlos Garc\u00eda\nEdad: 62 a\u00f1os\nAltura: 1.70 m\nPeso: 74 kg\nFecha de ingreso: 12/04/2023\nFecha de alta: 18/04/2023\nIngres\u00f3 por padecer diabetes tipo 2 descompensada. Se iniciaron medidas diet\u00e9ticas y se ajust\u00f3 tratamiento con Metformina 850 mg tres veces al d\u00eda. Se observaron mejoras en los niveles de glucosa antes del alta. Se coordina seguimiento por endocrinolog\u00eda.\n",
    "Report55": "\n\nInforme Cl\u00ednico 5:\nPaciente sin identificar\nEdad: 28 a\u00f1os\nAlto: no registrado \nPeso: no registrado \nFecha de ingreso: 25/05/2023\nFecha de alta: 30/05/2023\nEl individuo fue ingresado con s\u00edntomas de infecci\u00f3n urinaria severa. Confirmado por an\u00e1lisis de orina. Tratado con Nitrofuranto\u00edna 100 mg cada 6 horas durante 5 d\u00edas. La mejor\u00eda fue r\u00e1pida y el individuo recibi\u00f3 el alta de manera satisfactoria.\n",
    "Report56": "\n\nInforme Cl\u00ednico 6:\nPaciente: Julia Torres\nEdad: 41 a\u00f1os\nAltura: 1.65 m\nPeso: 55 kg\nFecha de ingreso: 01/06/2023\nFecha de alta: 04/06/2023\nAcudi\u00f3 por una crisis de migra\u00f1a que no ced\u00eda con tratamiento habitual. Se administr\u00f3 Sumatript\u00e1n 50 mg al inicio de la crisis y se ajust\u00f3 tratamiento profil\u00e1ctico. Disminuci\u00f3n de intensidad y frecuencia de las crisis durante su estancia hospitalaria.\n",
    "Report57": "\n\nInforme Cl\u00ednico 7:\nPaciente: H\u00e9ctor Ruiz\nPeso: 85 kg\nFecha de ingreso: 10/08/2023\nFecha de alta: 14/08/2023\nSufre asma bronquial persistente. Se inici\u00f3 tratamiento con Salbutamol inhalador 100 mcg seg\u00fan necesidad. Durante el ingreso, se realiz\u00f3 ajuste en la terapia y educaci\u00f3n para el manejo de la enfermedad en el hogar. Mejor\u00eda notoria antes de la alta.\n",
    "Report58": "\n\nInforme Cl\u00ednico 8:\nPaciente: Ana Sanz\nEdad: 50 a\u00f1os\nAltura: 1.72 m\nPeso: 68 kg\nFecha de ingreso: 19/09/2023\nFecha de alta: 23/09/2023\nProblemas digestivos relacionados con enfermedad cel\u00edaca. Se paut\u00f3 dieta libre de gluten y se inici\u00f3 tratamiento con probi\u00f3ticos. Controles peri\u00f3dicos de evoluci\u00f3n y niveles de nutrientes antes de la salida hospitalaria.\n",
    "Report59": "\n\nInforme Cl\u00ednico 9:\nPaciente: Samuel Fern\u00e1ndez\nEdad: 37 a\u00f1os\nSexo: Masculino\nPeso: 90 kg\nFecha de ingreso: 15/07/2023\nFecha de alta: 20/07/2023\nAsisti\u00f3 por apendicitis aguda. Se realiz\u00f3 apendicectom\u00eda sin complicaciones. Administraci\u00f3n profil\u00e1ctica de Cefalexina 1 g cada 12 horas durante su estancia. Recuperaci\u00f3n postoperatoria favorable y un alta exitosa.\n",
    "Report60": "\n\nInforme Cl\u00ednico 10:\nPaciente: Eva Larra\u00edn\nEdad: 29 a\u00f1os\nSexo: Femenino\nAltura: 1.59 m\nFecha de ingreso: 22/08/2023\nFecha de alta: 26/08/2023\nLlega al servicio por una infecci\u00f3n respiratoria aguda. Tratada eficientemente con Azitromicina 500 mg diarios por tres d\u00edas. Responde bien al tratamiento, con resoluci\u00f3n de s\u00edntomas antes del alta. Consulta en una semana para reevaluaci\u00f3n.\n",
    "Report61": "Informe Cl\u00ednico:\n\nPaciente: Ana L\u00f3pez  \nEdad: 34 a\u00f1os  \nSexo: Femenino  \nAltura: 162 cm  \nPeso: 58 kg  \n\nIngres\u00f3 el 10/02/2023 con episodios recurrentes de migra\u00f1a. Tras evaluaci\u00f3n neurol\u00f3gica se prescribi\u00f3 Sumatript\u00e1n (50 mg) durante las crisis y Topiramato (25 mg) diario para prevenci\u00f3n. Evoluci\u00f3n favorable con reducci\u00f3n significativa de la frecuencia de los episodios dolorosos. Alta el 17/02/2023 con seguimiento en consultas externas.  \n",
    "Report62": "\n\nInforme Cl\u00ednico:\n\nPaciente: Carlos Mart\u00ednez  \nEdad: 62 a\u00f1os  \nAltura: 175 cm  \nPeso: 85 kg  \n\nConsult\u00f3 el 05/03/2023 por disnea y dolor tor\u00e1cico. Electrocardiograma y ecocardiograma sugirieron cardiopat\u00eda isqu\u00e9mica. Se realiz\u00f3 cateterismo card\u00edaco que confirm\u00f3 arteria coronaria obstruida. Procedimiento de angioplastia coronaria exitoso y se lo inici\u00f3 en Aspirina (100 mg) y Atorvastatina (20 mg). Alta el 12/03/2023.  \n",
    "Report63": "\n\nInforme Cl\u00ednico:\n\nPaciente: Luisa Fern\u00e1ndez  \nEdad: 28 a\u00f1os  \nSexo: Femenino  \nAltura: 170 cm  \nPeso: 60 kg  \n\nIngreso el 20/04/2023 con s\u00edntomas respiratorios persistentes. Diagnosticada con asma al\u00e9rgica. Comenz\u00f3 tratamiento con Salbutamol (100 \u00b5g) aerosol en caso de crisis y Montelukast (10 mg) diario. Buena respuesta al tratamiento, se indica continuar y revisi\u00f3n en un mes. Alta el 25/04/2023.  \n",
    "Report64": "\n\nInforme Cl\u00ednico:\n\nPaciente: Pedro Garc\u00eda  \nEdad: 50 a\u00f1os  \nSexo: Masculino  \nAltura: 180 cm  \nPeso: 78 kg  \n\nPaciente lleg\u00f3 el 11/05/2023 con cefalea intensa y fiebre. Ex\u00e1menes revelaron meningitis bacteriana. Se inici\u00f3 tratamiento con Ceftriaxona (4 g/d\u00eda) y Aciclovir (10 mg/kg cada 8 horas) preventivo. Respuesta adecuada al tratamiento. Alta con mejor\u00eda significativa el 20/05/2023.  \n",
    "Report65": "\n\nInforme Cl\u00ednico:\n\nPaciente: Susana Romero  \nEdad: 39 a\u00f1os  \nAltura: 157 cm  \nPeso: 65 kg  \n\nPresent\u00f3 al hospital el 15/06/2023 por dolor abdominal recurrente. Ultrasonido abdominal mostr\u00f3 colelitiasis. Programada para colecistectom\u00eda laparosc\u00f3pica el 18/06/2023. Procedimiento realizado sin complicaciones. Se le prescribi\u00f3 analg\u00e9sico Ibuprofeno (400 mg cada 8 horas). Alta el 20/06/2023 con indicaciones de cuidados postoperatorios.  \n",
    "Report66": "\n\nInforme Cl\u00ednico:\n\nPaciente: Javier Torres  \nEdad: 45 a\u00f1os  \nAltura: 174 cm  \nPeso: 88 kg  \n\nConsult\u00f3 el 02/07/2023 por poliuria y polidipsia. Pruebas de laboratorio confirmaron diabetes tipo 2. Se inici\u00f3 tratamiento con Metformina (850 mg) dos veces al d\u00eda. Instrucciones sobre dieta y ejercicio explicadas. Revisi\u00f3n en consulta de endocrinolog\u00eda programada. Alta el 09/07/2023.  \n",
    "Report67": "\n\nInforme Cl\u00ednico:\n\nPaciente: Manuel Ruiz  \nEdad: 70 a\u00f1os  \nSexo: Masculino  \nAltura: 160 cm  \nPeso: 70 kg  \n\nConsult\u00f3 el 22/08/2023 por dolor en flanco derecho y hematuria. Tomograf\u00eda revel\u00f3 c\u00e1lculo renal de 7 mm en ur\u00e9ter derecho. Se program\u00f3 litotricia el 25/08/2023. Procedimiento completado exitosamente, se le recomienda tomar abundante l\u00edquido y seguir con Tamsulosina (0.4 mg) diariamente. Alta el 27/08/2023.  \n",
    "Report68": "\n\nInforme Cl\u00ednico:\n\nPaciente: Juana P\u00e9rez  \nEdad: 55 a\u00f1os  \nAltura: 167 cm  \nPeso: 73 kg  \n\nAcudi\u00f3 el 30/09/2023 con tos cr\u00f3nica y p\u00e9rdida de peso. Radiograf\u00eda y biopsia confirmaron carcinoma pulmonar. Inici\u00f3 terapia con combinaci\u00f3n de Cisplatino (70 mg/m2) y Etop\u00f3sido (100 mg/m2). Se planificaron ciclos de quimioterapia y evaluaci\u00f3n continua del estado general. Alta el 05/10/2023.  \n",
    "Report69": "\n\nInforme Cl\u00ednico:\n\nPaciente: Alberto S\u00e1nchez  \nEdad: 40 a\u00f1os  \nSexo: Masculino  \nAltura: 185 cm  \nPeso: 92 kg  \n\nIngres\u00f3 el 03/01/2023 con dolor lumbar agudo. Resonancia magn\u00e9tica mostr\u00f3 hernia discal lumbar. Se opt\u00f3 por tratamiento conservador con analg\u00e9sicos (Paracetamol 1g cada 8 horas) y fisioterapia. Alta el 10/01/2023 con plan de manejo y ejercicios recomendados.  \n",
    "Report70": "\n\nInforme Cl\u00ednico:\n\nPaciente: Mariana Cort\u00e9s  \nEdad: 60 a\u00f1os  \nSexo: Femenino  \nAltura: 164 cm  \nPeso: 68 kg  \n\nConsult\u00f3 el 15/11/2023 por debilidad y fatiga cr\u00f3nica. An\u00e1lisis de sangre revelaron anemia ferrop\u00e9nica. Se recomend\u00f3 iniciar tratamiento con suplemento de Hierro (200 mg) diario y evaluaci\u00f3n de dieta nutricional. Revision en consultas externas a las 4 semanas. Alta el 20/11/2023.  \n",
    "Report71": "Informe cl\u00ednico 1:  \nPaciente: Mar\u00eda G\u00f3mez  \nEdad: 45 a\u00f1os  \nSexo: Femenino  \nAltura: 162 cm  \nPeso: 64 kg  \nFecha de ingreso: 12/07/2023  \nFecha de alta: 18/07/2023  \nEEaly, se present\u00f3 con s\u00edntomas de disnea y dolor tor\u00e1cico. Tras examen f\u00edsico y electrocardiograma, se diagnostic\u00f3 con angina de pecho. Se administr\u00f3 Aspirina 100 mg diario. Mejor\u00f3 con el tratamiento farmacol\u00f3gico y las recomendaciones para manejo del estr\u00e9s.  \n",
    "Report72": "  \n\nInforme cl\u00ednico 2:  \nPaciente: Juan P\u00e9rez  \nEdad: 63 a\u00f1os  \nSexo: Masculino  \nAltura: 175 cm  \nPeso: 85 kg  \nFecha de ingreso: 05/08/2023  \nFecha de alta: 09/08/2023  \nSe ingres\u00f3 con v\u00f3mitos persistentes y dolor epig\u00e1strico. Realizado ecograf\u00eda abdominal y pruebas de funci\u00f3n hep\u00e1tica, se confirm\u00f3 colecistitis aguda. Tratamiento con Amoxicilina 500 mg cada 8 horas y cirug\u00eda laparosc\u00f3pica para colecistectom\u00eda. Alta con recomendaciones diet\u00e9ticas.  \n",
    "Report73": "  \n\nInforme cl\u00ednico 3:  \nPaciente: Laura Mart\u00ednez  \nEdad: 36 a\u00f1os  \nAltura: 168 cm  \nPeso: 70 kg  \nFecha de ingreso: 20/09/2023  \nFecha de alta: 25/09/2023  \nAcudi\u00f3 por fiebre alta y cefalea intensa. Se realizaron pruebas serol\u00f3gicas confirmando infecci\u00f3n por brucelosis. Tratamiento con Doxiciclina 100 mg cada 12 horas durante seis semanas. Se dieron indicaciones para el seguimiento cl\u00ednico y el control de contactos.  \n",
    "Report74": "  \n\nInforme cl\u00ednico 4:  \nPaciente: Miguel L\u00f3pez  \nAltura: 180 cm  \nPeso: 78 kg  \nFecha de ingreso: 15/01/2023  \nFecha de alta: 22/01/2023  \nEl paciente fue ingresado con insuficiencia card\u00edaca congestiva, presentando edema perif\u00e9rico y disnea nocturna. Tratamiento con Furosemida 40 mg intravenoso diario y restricci\u00f3n de sodio en la dieta. Mejor\u00eda cl\u00ednica notable al alta.  \n",
    "Report75": "  \n\nInforme cl\u00ednico 5:  \nPaciente: Andrea Torres  \nEdad: 52 a\u00f1os  \nSexo: Femenino  \nAltura: 158 cm  \nPeso: 90 kg  \nFecha de ingreso: 03/05/2023  \nFecha de alta: 10/05/2023  \nAcudi\u00f3 por dolor lumbar cr\u00f3nico. Se realiz\u00f3 resonancia magn\u00e9tica confirmando hernia discal lumbar. Se inici\u00f3 en terapia f\u00edsica y se administr\u00f3 Ibuprofeno 400 mg cada 8 horas. Recomendaci\u00f3n de control en consulta externa.  \n",
    "Report76": "  \n\nInforme cl\u00ednico 6:  \nEdad: 29 a\u00f1os  \nSexo: Masculino  \nAltura: 172 cm  \nPeso: 76 kg  \nFecha de ingreso: 06/04/2023  \nFecha de alta: 08/04/2023  \nIngres\u00f3 por n\u00e1useas y dolor abdominal atribuible a gastroenteritis aguda. Rehidrataci\u00f3n oral y terapia con Metoclopramida 10 mg cada 8 horas. Resoluci\u00f3n de s\u00edntomas favorable en menos de 48 horas.  \n",
    "Report77": "  \n\nInforme cl\u00ednico 7:  \nPaciente: Nicol\u00e1s Jim\u00e9nez  \nEdad: 58 a\u00f1os  \nSexo: Masculino  \nPeso: 92 kg  \nFecha de ingreso: 14/07/2023  \nFecha de alta: 22/07/2023  \nEl paciente present\u00f3 taquicardia y palpitaciones. Diagn\u00f3stico de fibrilaci\u00f3n auricular confirmado mediante monitorizaci\u00f3n Holter. Tratamiento con Warfarina ajustado a objetivo de INR. Evoluci\u00f3n estable y educaci\u00f3n sobre anticoagulaci\u00f3n.  \n",
    "Report78": "  \n\nInforme cl\u00ednico 8:  \nPaciente: Sandra Ruiz  \nEdad: 40 a\u00f1os  \nSexo: Femenino  \nAltura: 170 cm  \nFecha de ingreso: 10/02/2023  \nFecha de alta: 14/02/2023  \nConsulta por cefalea y malestar general. Diagn\u00f3stico de sinusitis maxilar confirmado por radiograf\u00eda. Tratamiento con Cefalexina 500 mg cada 6 horas durante 10 d\u00edas. Sintomatolog\u00eda resuelta al alta.  \n",
    "Report79": "  \n\nInforme cl\u00ednico 9:  \nPeso: 68 kg  \nFecha de ingreso: 26/03/2023  \nFecha de alta: 29/03/2023  \nSe present\u00f3 con s\u00edntomas de infecci\u00f3n urinaria y fiebre. Confirmado mediante urocultivo. Tratamiento con Ciprofloxacino 250 mg cada 12 horas durante cinco d\u00edas. Informe de control bacteriol\u00f3gico positivo al alta.  \n",
    "Report80": "  \n\nInforme cl\u00ednico 10:  \nEdad: 47 a\u00f1os  \nSexo: Masculino  \nAltura: 165 cm  \nPeso: 80 kg  \nSe consult\u00f3 por dolor tor\u00e1cico y mareos. Clinicamente se sospech\u00f3 de hipertensi\u00f3n no controlada con registros altos en consulta. Se realiz\u00f3 ajuste de tratamiento con Lisinopril 20 mg diario. Se resalta la importancia de la adherencia terap\u00e9utica y cambios en el estilo de vida.  \n",
    "Report81": "Informe Cl\u00ednico 1: Paciente: Manuel Rodr\u00edguez Edad: 50 a\u00f1os Sexo: Masculino Fecha de ingreso: 3 de febrero de 2023 Fecha de alta: 8 de febrero de 2023 Altura: 1.75 m Peso: 85 kg Motivado por un dolor persistente en el t\u00f3rax, que evoluciona a partir de esfuerzos f\u00edsicos moderados. Tras la realizaci\u00f3n de un cateterismo, se observ\u00f3 una obstrucci\u00f3n del 60% en la arteria coronaria izquierda. Se ha indicado la administraci\u00f3n de Atorvastatina 20 mg diarios. Durante su estancia, se le realiz\u00f3 una angioplastia con \u00e9xito. ",
    "Report82": " Informe Cl\u00ednico 2: Paciente: Mar\u00eda Gonz\u00e1lez Edad: 32 a\u00f1os Sexo: Femenino Fecha de ingreso: 12 de abril de 2023 Fecha de alta: 15 de abril de 2023 Altura: 1.62 m Peso: 68 kg Presenta s\u00edntomas de fiebre, cefalea y dolor abdominal. Tras las pruebas de laboratorio, se diagnostic\u00f3 una infecci\u00f3n por Salmonella. Se administr\u00f3 Ciprofloxacino 500 mg cada 12 horas durante su estancia hospitalaria. La paciente evolucion\u00f3 favorablemente y fue dada de alta con indicaciones de reposo y dieta blanda. ",
    "Report83": " Informe Cl\u00ednico 3: Paciente: Andr\u00e9s Mart\u00ednez Edad: 72 a\u00f1os Fecha de ingreso: 22 de septiembre de 2023 Fecha de alta: 30 de septiembre de 2023 Altura: 1.78 m Peso: 78 kg Ingresado por episodios recurrentes de mareo y confusi\u00f3n. Los estudios de imagen revelaron un peque\u00f1o accidente cerebrovascular. Durante la estancia, se comenz\u00f3 tratamiento con Aspirina 100 mg diarios. Se recomienda seguimiento neurol\u00f3gico regular tras el alta. ",
    "Report84": " Informe Cl\u00ednico 4: Paciente: Luisa Fern\u00e1ndez Edad: 46 a\u00f1os Sexo: Femenino Fecha de ingreso: 10 de junio de 2023 Fecha de alta: 18 de junio de 2023 Altura: 1.65 m Peso: 70 kg La paciente acude por debilidad y disnea de esfuerzo. Se diagnostic\u00f3 con miastenia gravis. Se inici\u00f3 tratamiento con Piridostigmina 60 mg cada 8 horas, el cual logr\u00f3 mejorar notablemente los s\u00edntomas. Plan de seguimiento riguroso con neurolog\u00eda. ",
    "Report85": " Informe Cl\u00ednico 5: Paciente: Juan P\u00e9rez Edad: 63 a\u00f1os Sexo: Masculino Fecha de ingreso: 1 de mayo de 2023 Fecha de alta: 5 de mayo de 2023 Altura: 1.80 m Peso: 90 kg Presenta dolor articular persistente y rigidez matutina. Se identificaron signos compatibles con artritis reumatoide. Se comenz\u00f3 tratamiento con Metotrexato 15 mg semanal. ",
    "Report86": " Informe Cl\u00ednico 6: Paciente: Carmen L\u00f3pez Edad: 29 a\u00f1os Sexo: Femenino Fecha de ingreso: 20 de julio de 2023 Fecha de alta: 23 de julio de 2023 Altura: 1.70 m Peso: 65 kg Consulta por urticaria generalizada y angioedema. Se diagnostic\u00f3 con una reacci\u00f3n al\u00e9rgica severa, tratada eficientemente con Prednisona 30 mg diarios. ",
    "Report87": " Informe Cl\u00ednico 7: Paciente: Pedro S\u00e1nchez Edad: 55 a\u00f1os Sexo: Masculino Fecha de ingreso: 15 de marzo de 2023 Fecha de alta: 19 de marzo de 2023 Altura: 1.73 m Peso: 82 kg Presenta tos persistente y expectoraci\u00f3n. Se realiz\u00f3 un diagn\u00f3stico de bronquitis aguda y se administr\u00f3 Amoxicilina 500 mg cada 8 horas. ",
    "Report88": " Informe Cl\u00ednico 8: Paciente: Laura Guti\u00e9rrez Edad: 38 a\u00f1os Fecha de ingreso: 25 de agosto de 2023 Fecha de alta: 29 de agosto de 2023 Altura: 1.60 m Peso: 72 kg Se presenta con dolor abdominal intenso y fiebre. Tras realizar ecograf\u00eda y an\u00e1lisis de laboratorio, se confirm\u00f3 apendicitis. Se procedi\u00f3 a apendicectom\u00eda laparosc\u00f3pica sin complicaciones. ",
    "Report89": " Informe Cl\u00ednico 9: Paciente: Rodrigo Castro Edad: 47 a\u00f1os Fecha de ingreso: 5 de octubre de 2023 Fecha de alta: 10 de octubre de 2023 Altura: 1.69 m Peso: 77 kg Acude por sensaci\u00f3n de opresi\u00f3n en el pecho, se confirma diagn\u00f3stico de angina de pecho. Se inici\u00f3 tratamiento con Nitroglicerina 0.4 mg sublingual a demanda y se recomienda control cardiovascular riguroso. ",
    "Report90": " Informe Cl\u00ednico 10: Paciente: Carlos Morales Edad: 58 a\u00f1os Fecha de ingreso: 17 de enero de 2023 Fecha de alta: 21 de enero de 2023 Altura: 1.82 m Peso: 88 kg Presenta inestabilidad glic\u00e9mica. Se diagnostic\u00f3 diabetes tipo 2 y se inici\u00f3 tratamiento con Metformina 850 mg dos veces al d\u00eda. Requiere seguimiento constante de niveles de glucosa. ",
    "Report91": "**Rapport Clinique 1:**  \nNom du patient : Marie Dupont  \n\u00c2ge : 32 ans  \nSexe : F\u00e9minin  \nTaille : 167 cm  \nPoids : 58 kg  \nAdmis le : 12 janvier 2023  \nDiagnostic : Appendicite aigu\u00eb  \nProc\u00e9dure effectu\u00e9e : Appendicectomie laparoscopique  \nTraitement prescrit : Amoxicilline, 500 mg, 3 fois par jour  \nSortie le : 16 janvier 2023  \n",
    "Report92": "  \n\n**Rapport Clinique 2:**  \nNom du patient : Jean-Paul Martin  \n\u00c2ge : 45 ans  \nSexe : Masculin  \nTaille : 180 cm  \nPoids : 82 kg  \nAdmis le : 8 f\u00e9vrier 2023  \nDiagnostic : Fracture de la clavicule droite  \nProc\u00e9dure effectu\u00e9e : R\u00e9duction et immobilisation  \nTraitement prescrit : Parac\u00e9tamol, 1 g, toutes les 6 heures  \nSortie le : 12 f\u00e9vrier 2023  \n",
    "Report93": "  \n\n**Rapport Clinique 3:**  \nNom du patient : Isabelle Leroy  \n\u00c2ge : 27 ans  \nSexe : F\u00e9minin  \nTaille : 155 cm  \nPoids : 52 kg  \nAdmis le : 3 mars 2023  \nDiagnostic : Dermatite atopique  \nTraitement prescrit : Cr\u00e8me \u00e0 base de cortico\u00efdes, application 2 fois par jour  \nSortie le : 5 mars 2023  \n",
    "Report94": "  \n\n**Rapport Clinique 4:**  \nNom du patient : Bernard Lef\u00e8vre  \n\u00c2ge : 60 ans  \nSexe : Masculin  \nTaille : 175 cm  \nPoids : 95 kg  \nAdmis le : 10 avril 2023  \nPathologie : Diab\u00e8te de type 2  \nTraitement prescrit : Metformine, 850 mg, 2 fois par jour  \nSortie le : 15 avril 2023  \n",
    "Report95": "  \n\n**Rapport Clinique 5:**  \nNom du patient : Sophie Michaux  \n\u00c2ge : 39 ans  \nSexe : F\u00e9minin  \nTaille : 160 cm  \nPoids : 70 kg  \nAdmis le : 20 mai 2023  \nDiagnostic : Pneumonie bact\u00e9rienne  \nTraitement prescrit : Azithromycine, 500 mg, une fois par jour pendant 5 jours  \nSortie le : 26 mai 2023  \n",
    "Report96": "  \n\n**Rapport Clinique 6:**  \n\u00c2ge : 52 ans  \nAdmis le : 5 juin 2023  \nDiagnostic : Hypertension art\u00e9rielle  \nTraitement prescrit : Lisinopril, 10 mg, une fois par jour  \nSortie le : 9 juin 2023  \n",
    "Report97": "  \n\n**Rapport Clinique 7:**  \n\u00c2ge : 49 ans  \nEnterr\u00e9 le : 16 juillet 2023  \nProc\u00e9dure chirurgicale : Pontage coronarien  \nTraitement prescrit : Aspirine, 75 mg, une fois par jour  \nSortie le : 22 juillet 2023  \n",
    "Report98": "  \n\n**Rapport Clinique 8:**  \n\u00c2ge : 66 ans  \nTraitement prescrit : St\u00e9ro\u00efdes inhal\u00e9s, deux inhalations deux fois par jour  \nPathologie : Asthme chronique  \nSortie le : 14 ao\u00fbt 2023  \n",
    "Report99": "  \n\n**Rapport Clinique 9:**  \nNom du patient : Jacques Brun  \n\u00c2ge : 41 ans  \nSexe : Masculin  \nTraitement prescrit : Synthro\u00efde, 100 \u00b5g, chaque matin  \nPathologie : Hypothyro\u00efdie  \nSortie le : 5 septembre 2023  \n",
    "Report100": "  \n\n**Rapport Clinique 10:**  \nNom du patient : Emilie Laurent  \n\u00c2ge : 53 ans  \nSexe : F\u00e9minin  \nAdmis le : 20 octobre 2023  \nDiagnostic : Calculs r\u00e9naux  \nProc\u00e9dure effectu\u00e9e : Lithotripsie extracorporelle  \nSortie le : 24 octobre 2023  \n",
    "Report101": "Rapport clinique 1 :  \nNom du patient : Jacques Lambert  \n\u00c2ge : 62 ans  \nSexe : Masculin  \nTaille : 175 cm  \nPoids : 82 kg  \nDate d'admission : 12 avril 2023  \nDate de sortie : 20 avril 2023  \nDiagnostic : Insuffisance cardiaque congestive  \nTraitement : Administration de Furos\u00e9mide 40 mg par jour  \nProc\u00e9dure : \u00c9chocardiogramme r\u00e9alis\u00e9 le 13 avril 2023  \n\u00c9tat g\u00e9n\u00e9ral \u00e0 la sortie : Am\u00e9lioration notable avec r\u00e9duction des \u0153d\u00e8mes  \n",
    "Report102": "\n\nRapport clinique 2 :  \nNom du patient : Claire Dupont  \n\u00c2ge : 45 ans  \nSexe : F\u00e9minin  \nTaille : 160 cm  \nPoids : 68 kg  \nDate d'admission : 5 mars 2023  \nDate de sortie : 9 mars 2023  \nDiagnostic : Diab\u00e8te de type 2  \nTraitement : Prescription de Metformine 500 mg deux fois par jour  \n\u00c9ducation th\u00e9rapeutique sur le r\u00e9gime alimentaire et l'exercice  \n",
    "Report103": "\n\nRapport clinique 3 :  \nNom du patient : Louis Moreau  \n\u00c2ge : 30 ans  \nSexe : Masculin  \nTaille : 180 cm  \nPoids : 77 kg  \nDate de l'acte : 10 juin 2023  \nProc\u00e9dure : Suture chirurgicale pour une lac\u00e9ration de l\u2019avant-bras gauche  \nM\u00e9dicament : Parac\u00e9tamol 500 mg en cas de douleur  \nRecommandation de suivi avec retrait des points dans 10 jours  \n",
    "Report104": "\n\nRapport clinique 4 :  \nNom du patient : Sophie Martin  \n\u00c2ge : 50 ans  \nSexe : F\u00e9minin  \nTaille : 165 cm  \nPoids : 72 kg  \nDate d'admission : 22 septembre 2023  \nDate de sortie : 30 septembre 2023  \nDiagnostic : Pneumonie bact\u00e9rienne  \nTraitement : Antibiotique Amoxicilline 1 g trois fois par jour  \nAm\u00e9lioration de la saturation en oxyg\u00e8ne avant la sortie  \n",
    "Report105": "\n\nRapport clinique 5 :  \nNom du patient : Hector Garcia  \n\u00c2ge : 37 ans  \nSexe : Masculin  \nTaille : 170 cm  \nPoids : 80 kg  \nDate d'admission : 15 juillet 2023  \nDate de sortie : 18 juillet 2023  \nDiagnostic : Calcul r\u00e9nal  \nProc\u00e9dure : Lithotripsie extracorporelle r\u00e9alis\u00e9e  \nPrescription de Tamsulosine 0,4 mg une fois par jour pour faciliter l'expulsion  \n",
    "Report106": "\n\nRapport clinique 6 :  \nNom du patient : Rose Morel  \n\u00c2ge : 28 ans  \nSexe : F\u00e9minin  \nTaille : 158 cm  \nPoids : 60 kg  \nDiagnostic : Crise d'asthme aigu\u00eb  \nTraitement : Administration de Salbutamol en a\u00e9rosol  \nRecommandation de suivre un traitement de fond avec B\u00e9clom\u00e9thasone 100 \u00b5g  \n",
    "Report107": "\n\nRapport clinique 7 :  \nNom du patient : Mathieu Durand  \n\u00c2ge : 54 ans  \nSexe : Masculin  \nTaille : 182 cm  \nPoids : 85 kg  \nDate d'acte : 8 ao\u00fbt 2023  \nProc\u00e9dure : Colonoscopie r\u00e9alis\u00e9e pour d\u00e9pistage  \nObservations : Pr\u00e9sence de polypes b\u00e9nins  \nRecommandation de nouvelle \u00e9valuation dans 5 ans  \n",
    "Report108": "\n\nRapport clinique 8 :  \nNom du patient : Odile Carrefour  \n\u00c2ge : 70 ans  \nSexe : F\u00e9minin  \nTaille : 155 cm  \nPoids : 65 kg  \nDate d'admission : 14 f\u00e9vrier 2023  \nDate de sortie : 18 f\u00e9vrier 2023  \nDiagnostic : Infection urinaire  \nTraitement : Ciprofloxacine 500 mg deux fois par jour  \n\u00c9tat g\u00e9n\u00e9ral \u00e0 la sortie : Sympt\u00f4mes r\u00e9solus  \n",
    "Report109": "\n\nRapport clinique 9 :  \nNom du patient : Bruno Clermont  \n\u00c2ge : 43 ans  \nSexe : Masculin  \nTaille : 178 cm  \nPoids : 90 kg  \nDiagnostic : Hypertension art\u00e9rielle  \nTraitement : Enalapril 10 mg par jour  \nRecommandation de contr\u00f4le r\u00e9gulier de la pression art\u00e9rielle  \n",
    "Report110": "\n\nRapport clinique 10 :  \nNom du patient : Lucie Lef\u00e8vre  \n\u00c2ge : 66 ans  \nSexe : F\u00e9minin  \nTaille : 170 cm  \nPoids : 75 kg  \nDate d'admission : 2 mai 2023  \nDate de sortie : 10 mai 2023  \nDiagnostic : Insuffisance r\u00e9nale chronique  \nTraitement : Ajustement du r\u00e9gime hydrique et Alfacalcidol 0,25 \u00b5g par jour  \n\u00c9ducation sur la gestion de la maladie r\u00e9nale  \n",
    "Report111": "Rapport clinique\n\nNom du patient : Sophie Dupont  \n\u00c2ge : 34 ans  \nSexe : F\u00e9minin  \nTaille : 1,68 m  \nPoids : 62 kg  \n\nDate d'admission : 2 janvier 2023  \nDate de sortie : 8 janvier 2023  \n\nDiagnostic : Appendicite aigu\u00eb  \nProc\u00e9dure : Appendicectomie par laparoscopie  \nM\u00e9dicaments prescrits : Amoxicilline 500 mg trois fois par jour  \n\nSophie a \u00e9t\u00e9 admise aux urgences avec des douleurs abdominales s\u00e9v\u00e8res dans le quadrant inf\u00e9rieur droit. Elle a subi une appendicectomie par laparoscopie. Le patient a bien tol\u00e9r\u00e9 l'intervention chirurgicale et sa r\u00e9cup\u00e9ration post-op\u00e9ratoire a \u00e9t\u00e9 satisfaisante. Sophie a \u00e9t\u00e9 renvoy\u00e9e chez elle apr\u00e8s avoir \u00e9t\u00e9 stabilis\u00e9e et inform\u00e9e des sympt\u00f4mes de surveillance postop\u00e9ratoires.  \n\n",
    "Report112": "\n\nRapport clinique\n\nNom du patient : Marc Lemaitre  \n\u00c2ge : 45 ans  \nSexe : Masculin  \nTaille : 1,75 m  \nPoids : 80 kg  \n\nDate d'admission : 15 mars 2023  \nDate de sortie : 20 mars 2023  \n\nDiagnostic : Infarctus du myocarde  \nProc\u00e9dure : Angioplastie coronarienne  \nM\u00e9dicaments prescrits : Aspirine 100 mg par jour, Atorvastatine 20 mg par jour  \n\nMarc a subi un infarctus du myocarde et a \u00e9t\u00e9 admis imm\u00e9diatement pour une angioplastie coronarienne r\u00e9ussie. Apr\u00e8s l'intervention, il a pr\u00e9sent\u00e9 une r\u00e9cup\u00e9ration positive sans complications majeures. Le suivi sera assur\u00e9 par un cardiologue. Les conseils di\u00e9t\u00e9tiques et d'activit\u00e9 physique ont \u00e9t\u00e9 donn\u00e9s.  \n\n",
    "Report113": "\n\nRapport clinique\n\nNom du patient : Clara Martin  \n\u00c2ge : 29 ans  \nSexe : F\u00e9minin  \nTaille : 1,60 m  \nPoids : 55 kg  \n\nDate d'admission : 10 f\u00e9vrier 2023  \nDate de sortie : 15 f\u00e9vrier 2023  \n\nDiagnostic : Pneumonie  \nM\u00e9dicaments prescrits : Azithromycine 500 mg une fois par jour pendant 5 jours  \n\nClara a \u00e9t\u00e9 admise avec une forte fi\u00e8vre, une toux productive et une difficult\u00e9 respiratoire. Les radiographies thoraciques ont confirm\u00e9 une pneumonie lobaire. Elle a bien r\u00e9pondu au traitement antibiotique et sa condition s'est am\u00e9lior\u00e9e progressivement. Elle a \u00e9t\u00e9 lib\u00e9r\u00e9e avec des recommandations de repos et une hydratation accrue.  \n\n",
    "Report114": "\n\nRapport clinique\n\nNom du patient : Antoine Girard  \n\u00c2ge : 52 ans  \nSexe : Masculin  \nTaille : 1,80 m  \nPoids : 90 kg  \n\nDate d'admission : 5 mai 2023  \nDate de sortie : 12 mai 2023  \n\nDiagnostic : Diab\u00e8te de type 2, exacerb\u00e9 par la mauvaise gestion glyc\u00e9mique  \nM\u00e9dicaments prescrits : Metformine 1000 mg deux fois par jour  \n\nAntoine a \u00e9t\u00e9 admis suite \u00e0 une hyperglyc\u00e9mie s\u00e9v\u00e8re et des sympt\u00f4mes de fatigue intense. Un ajustement de son traitement antidiab\u00e9tique avec une surveillance stricte de son alimentation et de son activit\u00e9 physique a \u00e9t\u00e9 mis en place. Des conseils nutritionnels et des programmes \u00e9ducatifs sur la gestion du diab\u00e8te lui ont \u00e9t\u00e9 fournis.  \n\n",
    "Report115": "\n\nRapport clinique\n\nNom du patient : Isabelle Fournier  \n\u00c2ge : 39 ans  \nSexe : F\u00e9minin  \nTaille : 1,65 m  \nPoids : 68 kg  \n\nDate d'admission : 20 juin 2023  \nDate de sortie : 26 juin 2023  \n\nDiagnostic : Fibromyalgie  \nM\u00e9dicaments prescrits : Dulox\u00e9tine 60 mg par jour, Parac\u00e9tamol 500 mg au besoin  \n\nIsabelle souffre de douleurs chroniques diffuses et a \u00e9t\u00e9 diagnostiqu\u00e9e avec une fibromyalgie. Un programme de gestion de la douleur et de r\u00e9habilitation physique est mis en \u0153uvre. Le suivi est assur\u00e9 par un m\u00e9decin sp\u00e9cialiste de la douleur chronique. Une th\u00e9rapie cognitive-comportementale est recommand\u00e9e pour am\u00e9liorer la qualit\u00e9 de vie du patient.  \n\n",
    "Report116": "\n\nRapport clinique\n\nNom du patient : Lucas Petit  \n\u00c2ge : 47 ans  \nSexe : Masculin  \nTaille : 1,72 m  \nPoids : 75 kg  \n\nDate d'admission : 30 septembre 2023  \nDate de sortie : 5 octobre 2023  \n\nDiagnostic : Ulc\u00e8re gastrique  \nM\u00e9dicaments prescrits : Om\u00e9prazole 20 mg deux fois par jour  \n\nLucas a \u00e9t\u00e9 admis pour des douleurs gastriques s\u00e9v\u00e8res. Une endoscopie a r\u00e9v\u00e9l\u00e9 un ulc\u00e8re gastrique. Un traitement par inhibiteur de la pompe \u00e0 protons a \u00e9t\u00e9 initi\u00e9 avec succ\u00e8s. Le patient est inform\u00e9 d'\u00e9viter les AINS et l'alcool, et de se conformer \u00e0 un r\u00e9gime alimentaire adapt\u00e9 pour pr\u00e9venir les r\u00e9cidives.  \n\n",
    "Report117": "\n\nRapport clinique\n\nNom du patient : \u00c9milie Robert  \n\u00c2ge : 24 ans  \nSexe : F\u00e9minin  \nTaille : 1,70 m  \nPoids : 58 kg  \n\nDate d'admission : 12 avril 2023  \nDate de sortie : 17 avril 2023  \n\nDiagnostic : Cyctite bact\u00e9rienne  \nM\u00e9dicaments prescrits : Ciprofloxacine 250 mg deux fois par jour pendant 7 jours  \n\n\u00c9milie s'est pr\u00e9sent\u00e9e avec des sympt\u00f4mes de br\u00fblure urinaire et de fr\u00e9quence accrue. Les analyses d'urine ont confirm\u00e9 une infection urinaire. Le traitement antibiotique a \u00e9t\u00e9 efficace pour \u00e9radiquer l'infection. Le patient a re\u00e7u des instructions pour augmenter son apport hydrique et surveiller de nouveaux sympt\u00f4mes.  \n\n",
    "Report118": "\n\nRapport clinique\n\nNom du patient : Pierre Blanchard  \n\u00c2ge : 60 ans  \nSexe : Masculin  \nTaille : 1,78 m  \nPoids : 85 kg  \n\nDate d'admission : 25 ao\u00fbt 2023  \nDate de sortie : 1 septembre 2023  \n\nDiagnostic : Hypertension art\u00e9rielle  \nM\u00e9dicaments prescrits : Lisinopril 10 mg par jour  \n\nPierre a \u00e9t\u00e9 admis pour une \u00e9valuation suite \u00e0 des lectures \u00e9lev\u00e9es de la pression art\u00e9rielle. Un traitement pour l'hypertension a \u00e9t\u00e9 commenc\u00e9 et des modifications du mode de vie ont \u00e9t\u00e9 recommand\u00e9es, y compris une alimentation faible en sodium et une augmentation de l'exercice physique. Un suivi r\u00e9gulier est pr\u00e9vu.  \n\n",
    "Report119": "\n\nRapport clinique\n\nNom du patient : Manon Bernard  \n\u00c2ge : 31 ans  \nSexe : F\u00e9minin  \nTaille : 1,62 m  \nPoids : 59 kg  \n\nDate d'admission : 14 juillet 2023  \nDate de sortie : 19 juillet 2023  \n\nDiagnostic : Allergie saisonni\u00e8re  \nM\u00e9dicaments prescrits : Loratadine 10 mg une fois par jour  \n\nManon a \u00e9t\u00e9 trait\u00e9e pour des sympt\u00f4mes s\u00e9v\u00e8res d'allergie au pollen, incluant rhinorrh\u00e9e, \u00e9ternuements et congestion nasale. La prise d'antihistaminiques a procur\u00e9 un soulagement notable. Des conseils pour minimiser l'exposition aux allerg\u00e8nes ont \u00e9t\u00e9 fournis pour r\u00e9duire la r\u00e9currence des sympt\u00f4mes.  \n\n",
    "Report120": "\n\nRapport clinique\n\nNom du patient : Julien Mercier  \n\u00c2ge : 54 ans  \nSexe : Masculin  \nTaille : 1,82 m  \nPoids : 92 kg  \n\nDate d'admission : 10 novembre 2022  \nDate de sortie : 17 novembre 2022  \n\nDiagnostic : Calculs biliaires  \nProc\u00e9dure : Chol\u00e9cystectomie laparoscopique  \nM\u00e9dicaments prescrits : Ibuprof\u00e8ne 200 mg au besoin  \n\nJulien a \u00e9t\u00e9 admis avec des douleurs abdominales aigu\u00ebs et des naus\u00e9es, diagnostiqu\u00e9 avec des calculs biliaires. Une chol\u00e9cystectomie laparoscopique a \u00e9t\u00e9 effectu\u00e9e avec succ\u00e8s. Le patient a bien r\u00e9cup\u00e9r\u00e9 post-op\u00e9ratoirement et a \u00e9t\u00e9 conseill\u00e9 sur les soins \u00e0 domicile et la reprise progressive de l'alimentation.  \n\n",
    "Report121": "Rapport Clinique 1  \nNom du Patient: Jeanne Dupont  \n\u00c2ge: 29 ans  \nSexe: F\u00e9minin  \nTaille: 165 cm  \nPoids: 55 kg  \nAdmis le: 15/09/2023  \nDiagnostic: Pneumonie bact\u00e9rienne  \nProc\u00e9dure: Antibioth\u00e9rapie  \nM\u00e9dicament: Amoxicilline 500 mg trois fois par jour  \nDate de sortie: 22/09/2023  \n",
    "Report122": "  \n\nRapport Clinique 2  \nNom du Patient: Olivier Martin  \n\u00c2ge: 47 ans  \nSexe: Masculin  \nTaille: 178 cm  \nPoids: 82 kg  \nAdmis le: 01/08/2023  \nDiagnostic: Ulc\u00e8re de l'estomac  \nProc\u00e9dure: Endoscopie  \nM\u00e9dicament: Om\u00e9prazole 20 mg deux fois par jour  \nDate de sortie: 07/08/2023  \n",
    "Report123": "  \n\nRapport Clinique 3  \nNom du Patient: Sophie Legrand  \n\u00c2ge: 34 ans  \nSexe: F\u00e9minin  \nTaille: 170 cm  \nPoids: 60 kg  \nAdmis le: 10/10/2023  \nDiagnostic: Appendicite aigu\u00eb  \nProc\u00e9dure: Appendicectomie  \nDate de sortie: 14/10/2023  \nM\u00e9dicament: Parac\u00e9tamol 500 mg en cas de douleur  \n",
    "Report124": "  \n\nRapport Clinique 4  \nNom du Patient: Marc Renault  \n\u00c2ge: 56 ans  \nSexe: Masculin  \nTaille: 182 cm  \nPoids: 95 kg  \nAdmis le: 12/07/2023  \nDiagnostic: Hypertension art\u00e9rielle  \nTraitement: Surveillance de la pression art\u00e9rielle  \nM\u00e9dicament: Lisinopril 10 mg une fois par jour  \nDate de sortie: 19/07/2023  \n",
    "Report125": "  \n\nRapport Clinique 5  \nNom du Patient: Lucas Besson  \n\u00c2ge: 41 ans  \nSexe: Masculin  \nTaille: 175 cm  \nPoids: 70 kg  \nAdmis le: 21/04/2023  \nDiagnostic: Calculs r\u00e9naux  \nProc\u00e9dure: Lithotripsie extracorporelle  \nDate de sortie: 25/04/2023  \nM\u00e9dicament: Ibuprof\u00e8ne 400 mg en cas de douleur  \n",
    "Report126": "  \n\nRapport Clinique 6  \nNom du Patient: Cl\u00e9mence Rousseau  \n\u00c2ge: 25 ans  \nSexe: F\u00e9minin  \nTaille: 160 cm  \nPoids: 48 kg  \nAdmis le: 05/01/2023  \nProc\u00e9dure: Amniocent\u00e8se  \nDiagnostic: Surveillance pr\u00e9natale  \nDate de sortie: 06/01/2023  \n",
    "Report127": "  \n\nRapport Clinique 7  \nNom du Patient: Simon Dufresne  \n\u00c2ge: 66 ans  \nSexe: Masculin  \nTaille: 180 cm  \nPoids: 85 kg  \nAdmis le: 30/03/2023  \nDiagnostic: Diab\u00e8te de type 2  \nTraitement: Gestion de la glyc\u00e9mie  \nM\u00e9dicament: Metformine 850 mg deux fois par jour  \nDate de sortie: 03/04/2023  \n",
    "Report128": "  \n\nRapport Clinique 8  \nNom du Patient: Ir\u00e8ne Gauthier  \n\u00c2ge: 53 ans  \nSexe: F\u00e9minin  \nTaille: 162 cm  \nPoids: 70 kg  \nAdmis le: 18/02/2023  \nDiagnostic: Bronchite chronique  \nM\u00e9dicament: Salbutamol 100 mcg spray, deux fois par jour  \nDate de sortie: 25/02/2023  \n",
    "Report129": "  \n\nRapport Clinique 9  \nNom du Patient: Paul Masson  \n\u00c2ge: 39 ans  \nSexe: Masculin  \nTaille: 180 cm  \nPoids: 76 kg  \nAdmis le: 20/06/2023  \nDiagnostic: Entorse de la cheville  \nTraitement: Immobilisation et r\u00e9\u00e9ducation  \nDate de sortie: 30/06/2023  \n",
    "Report130": "  \n\nRapport Clinique 10  \nNom du Patient: Nathalie Alain  \n\u00c2ge: 62 ans  \nSexe: F\u00e9minin  \nTaille: 168 cm  \nPoids: 68 kg  \nAdmis le: 11/05/2023  \nDiagnostic: Insuffisance cardiaque congestive  \nProc\u00e9dure: Ajustement du traitement  \nM\u00e9dicament: Furos\u00e9mide 40 mg une fois par jour  \nDate de sortie: 15/05/2023  \n",
    "Report131": "Rapport Clinique 1 :  \nNom du patient : Mme. Sophie Durand  \n\u00c2ge : 45 ans  \nSexe : F\u00e9minin  \nTaille : 1,62 m  \nPoids : 58 kg  \nAdmis le : 12 septembre 2023  \nSortie le : 15 septembre 2023  \nDiagnostic : Appendicite aigu\u00eb  \nProc\u00e9dure : Appendicectomie laparoscopique  \nTraitement : Amoxicilline 500 mg toutes les 8 heures pendant 7 jours  \n",
    "Report132": "  \n\nRapport Clinique 2 :  \nNom du patient : M. Pierre Martin  \n\u00c2ge : 60 ans  \nSexe : Masculin  \nTaille : 1,75 m  \nPoids : 80 kg  \nAdmis le : 20 juillet 2023  \nSortie le : 25 juillet 2023  \nDiagnostic : Infarctus du myocarde  \nProc\u00e9dure : Angioplastie avec pose de stent  \nTraitement : Aspirine 80 mg une fois par jour  \n",
    "Report133": "  \n\nRapport Clinique 3 :  \nNom du patient : Mme. Marguerite Lefevre  \n\u00c2ge : 33 ans  \nSexe : F\u00e9minin  \nTaille : 1,68 m  \nPoids : 62 kg  \nAdmis le : 5 juin 2023  \nSortie le : 12 juin 2023  \nDiagnostic : Diab\u00e8te de type 2  \nTraitement : Metformine 850 mg deux fois par jour  \n",
    "Report134": "  \n\nRapport Clinique 4 :  \nNom du patient : M. Lucas Bernard  \n\u00c2ge : 55 ans  \nSexe : Masculin  \nTaille : 1,80 m  \nPoids : 89 kg  \nAdmis le : 14 ao\u00fbt 2023  \nSortie le : 26 ao\u00fbt 2023  \nDiagnostic : Pneumonie bact\u00e9rienne  \nTraitement : Azithromycine 500 mg une fois par jour pendant 5 jours  \n",
    "Report135": "  \n\nRapport Clinique 5 :  \nNom du patient : M. Mathieu Jolivet  \n\u00c2ge : 28 ans  \nSexe : Masculin  \nTaille : 1,72 m  \nPoids : 74 kg  \nAdmis le : 11 mai 2023  \nSortie le : 17 mai 2023  \nDiagnostic : Ulc\u00e8re gastrique  \nTraitement : Omeprazole 20 mg deux fois par jour  \n",
    "Report136": "  \n\nRapport Clinique 6 :  \nNom du patient : Mme. Camille Roux  \n\u00c2ge : 50 ans  \nSexe : F\u00e9minin  \nTaille : 1,66 m  \nPoids : 70 kg  \nAdmis le : 3 mars 2023  \nSortie le : 10 mars 2023  \nDiagnostic : Hypertension art\u00e9rielle  \nTraitement : Amlodipine 5 mg une fois par jour  \n",
    "Report137": "  \n\nRapport Clinique 7 :  \nNom du patient : M. Antoine Verne  \n\u00c2ge : 38 ans  \nSexe : Masculin  \nTaille : 1,85 m  \nPoids : 92 kg  \nAdmis le : 29 janvier 2023  \nSortie le : 3 f\u00e9vrier 2023  \nDiagnostic : Fracture du f\u00e9mur  \nProc\u00e9dure : R\u00e9duction ouverte et fixation interne  \nTraitement : Parac\u00e9tamol 1 g toutes les 6 heures si n\u00e9cessaire  \n",
    "Report138": "  \n\nRapport Clinique 8 :  \nNom du patient : Mme. Claire Petit  \n\u00c2ge : 65 ans  \nSexe : F\u00e9minin  \nTaille : 1,60 m  \nPoids : 55 kg  \nAdmis le : 6 avril 2023  \nSortie le : 13 avril 2023  \nDiagnostic : Asthme bronchique  \nTraitement : Salbutamol inhalation 100 \u00b5g selon besoins  \n",
    "Report139": "  \n\nRapport Clinique 9 :  \nNom du patient : M. Jean-Louis Moreau  \n\u00c2ge : 58 ans  \nSexe : Masculin  \nTaille : 1,78 m  \nPoids : 85 kg  \nAdmis le : 21 octobre 2023  \nSortie le : 28 octobre 2023  \nDiagnostic : Insuffisance cardiaque  \nTraitement : Furosemide 40 mg une fois par jour  \n",
    "Report140": "  \n\nRapport Clinique 10 :  \nNom du patient : Mme. Elise Dubois  \n\u00c2ge : 42 ans  \nSexe : F\u00e9minin  \nTaille : 1,70 m  \nPoids : 67 kg  \nAdmis le : 8 ao\u00fbt 2023  \nSortie le : 15 ao\u00fbt 2023  \nDiagnostic : Insuffisance r\u00e9nale chronique  \nTraitement : Erythropoietin 5000 UI par semaine  \n"
}